{
  "macro_f1": 0.9671141932499308,
  "confusion_matrix": [
    [
      11162,
      581
    ],
    [
      242,
      13207
    ]
  ],
  "classification_report": {
    "Attack": {
      "precision": 0.9787793756576639,
      "recall": 0.9505237162564932,
      "f1-score": 0.9644446364539682,
      "support": 11743.0
    },
    "Normal": {
      "precision": 0.9578619089062953,
      "recall": 0.9820060971075917,
      "f1-score": 0.9697837500458935,
      "support": 13449.0
    },
    "accuracy": 0.9673308986979994,
    "macro avg": {
      "precision": 0.9683206422819797,
      "recall": 0.9662649066820425,
      "f1-score": 0.9671141932499308,
      "support": 25192.0
    },
    "weighted avg": {
      "precision": 0.9676123777877387,
      "recall": 0.9673308986979994,
      "f1-score": 0.9672949753987841,
      "support": 25192.0
    }
  },
  "average_precision": 0.9896189142445291,
  "roc_auc": 0.987975095447487
}