{
  "macro_f1": 0.8513676156955237,
  "confusion_matrix": [
    [
      63190,
      5017
    ],
    [
      17806,
      67671
    ]
  ],
  "classification_report": {
    "Attack": {
      "precision": 0.7801619833078177,
      "recall": 0.9264444998313957,
      "f1-score": 0.8470339068249297,
      "support": 68207.0
    },
    "Normal": {
      "precision": 0.9309789786484701,
      "recall": 0.7916866525498087,
      "f1-score": 0.8557013245661177,
      "support": 85477.0
    },
    "accuracy": 0.8514939746492803,
    "macro avg": {
      "precision": 0.8555704809781439,
      "recall": 0.8590655761906022,
      "f1-score": 0.8513676156955237,
      "support": 153684.0
    },
    "weighted avg": {
      "precision": 0.8640443933878063,
      "recall": 0.8514939746492803,
      "f1-score": 0.8518546094762371,
      "support": 153684.0
    }
  },
  "average_precision": 0.9343670163010495,
  "roc_auc": 0.9493113933600578
}