{
  "pr_auc": 0.12721682940300805,
  "recall_at_fpr": 0.13180169286577992,
  "fpr_target": 0.010155546985473711
}