{
  "pr_auc": 0.2959138208521692,
  "recall_at_fpr": 0.010862338166849698,
  "fpr_target": 0.010004118705425852
}