{
  "macro_f1": 0.9999831746708971,
  "confusion_matrix": [
    [
      164671,
      2
    ],
    [
      2,
      92998
    ]
  ],
  "classification_report": {
    "Attack": {
      "precision": 0.9999878547181383,
      "recall": 0.9999878547181383,
      "f1-score": 0.9999878547181383,
      "support": 164673.0
    },
    "Normal": {
      "precision": 0.999978494623656,
      "recall": 0.999978494623656,
      "f1-score": 0.999978494623656,
      "support": 93000.0
    },
    "accuracy": 0.9999844764488325,
    "macro avg": {
      "precision": 0.9999831746708971,
      "recall": 0.9999831746708971,
      "f1-score": 0.9999831746708971,
      "support": 257673.0
    },
    "weighted avg": {
      "precision": 0.9999844764488325,
      "recall": 0.9999844764488325,
      "f1-score": 0.9999844764488325,
      "support": 257673.0
    }
  },
  "average_precision": 0.9999999994219047,
  "roc_auc": 0.9999999996735139
}