{
  "pr_auc": 0.33767198872483173,
  "recall_at_fpr": 0.05299008314134028,
  "fpr_target": 0.010004368030228875
}