{
  "pr_auc": 0.2767980184237131,
  "recall_at_fpr": 0.11000595086287512,
  "fpr_target": 0.010056471363228271
}