{
  "pr_auc": 0.394295293899445,
  "recall_at_fpr": 0.003862670205649425,
  "fpr_target": 0.010007640843101809
}